{
  "cc_ccii_disease": {
    "mean": [
      0.52709055,
      0.52709055,
      0.52709055
    ],
    "std": [
      0.3581995,
      0.3581995,
      0.3581995
    ]
  },
  "cc_ccii_disease_segmented_cc_ccii": {
    "mean": [
      0.52709055,
      0.52709055,
      0.52709055
    ],
    "std": [
      0.3581995,
      0.3581995,
      0.3581995
    ]
  },
  "cc_ccii_disease_segmented_gt": {
    "mean": [
      0.52709055,
      0.52709055,
      0.52709055
    ],
    "std": [
      0.3581995,
      0.3581995,
      0.3581995
    ]
  },
  "cc_ccii_lung": {
    "mean": [
      0.52709055,
      0.52709055,
      0.52709055
    ],
    "std": [
      0.3581995,
      0.3581995,
      0.3581995
    ]
  },
  "cc_ccii_lung_disease": {
    "mean": [
      0.52709055,
      0.52709055,
      0.52709055
    ],
    "std": [
      0.3581995,
      0.3581995,
      0.3581995
    ]
  },
  "mosmed_disease": {
    "mean": [
      0.35140166,
      0.35140166,
      0.35140166
    ],
    "std": [
      0.22217269,
      0.22217269,
      0.22217269
    ]
  },
  "0420_disease": {
    "mean": [
      0.2375568,
      0.2375568,
      0.2375568
    ],
    "std": [
      0.271195,
      0.271195,
      0.271195
    ]
  },
  "0420_lung_disease": {
    "mean": [
      0.2375568,
      0.2375568,
      0.2375568
    ],
    "std": [
      0.271195,
      0.271195,
      0.271195
    ]
  },
  "0420_lung": {
    "mean": [
      0.2375568,
      0.2375568,
      0.2375568
    ],
    "std": [
      0.271195,
      0.271195,
      0.271195
    ]
  },
  "0420_disease_segmented_NSCLC": {
    "mean": [
      0.2375568,
      0.2375568,
      0.2375568
    ],
    "std": [
      0.271195,
      0.271195,
      0.271195
    ]
  },
  "0420_coronacases_disease": {
    "mean": [
      0.2375568,
      0.2375568,
      0.2375568
    ],
    "std": [
      0.271195,
      0.271195,
      0.271195
    ]
  },
  "0420_coronacases_lung_disease": {
    "mean": [
      0.2375568,
      0.2375568,
      0.2375568
    ],
    "std": [
      0.271195,
      0.271195,
      0.271195
    ]
  },
  "0420_coronacases_lung": {
    "mean": [
      0.2375568,
      0.2375568,
      0.2375568
    ],
    "std": [
      0.271195,
      0.271195,
      0.271195
    ]
  },
  "0420_radiopaedia_disease": {
    "mean": [
      0.2375568,
      0.2375568,
      0.2375568
    ],
    "std": [
      0.271195,
      0.271195,
      0.271195
    ]
  },
  "0420_radiopaedia_lung_disease": {
    "mean": [
      0.2375568,
      0.2375568,
      0.2375568
    ],
    "std": [
      0.271195,
      0.271195,
      0.271195
    ]
  },
  "0420_radiopaedia_lung": {
    "mean": [
      0.2375568,
      0.2375568,
      0.2375568
    ],
    "std": [
      0.271195,
      0.271195,
      0.271195
    ]
  },
  "NSCLC_lung": {
    "mean": [
      0.10918389,
      0.10918389,
      0.10918389
    ],
    "std": [
      0.1755036,
      0.1755036,
      0.1755036
    ]
  },
  "ieee8023_lung": {
    "mean": [
      0.5381197,
      0.5387627,
      0.5399197
    ],
    "std": [
      0.22774129,
      0.22716902,
      0.22738415
    ]
  },
  "ieee8023_cropped_lung": {
    "mean": [
      0.5381197,
      0.5387627,
      0.5399197
    ],
    "std": [
      0.22774129,
      0.22716902,
      0.22738415
    ]
  }
}