val_iou,val_dice
0.10159192767440804,0.1844341984717592
0.10159192767440804,0.1844341984717592
0.10159192767440804,0.1844341984717592
0.10159547888660184,0.1844400481832576
